{
  "var_0": 15803.270223140717,
  "var_1": 12069.357605934143,
  "var_2": 17233.724821567535,
  "var_3": 1459.7123379707336,
  "var_4": 3376.698815345764,
  "var_5": 6809.528424739838,
  "var_6": 21916.401146888733,
  "var_7": 681.9127197265625,
  "var_8": 4534.786239624023,
  "var_9": 9695.701195716858,
  "var_10": 1358.957486629486,
  "var_11": 2956.713599205017,
  "var_12": 26251.76729631424,
  "var_13": 13048.98655462265,
  "var_14": 2744.6965312957764,
  "var_15": 2104.6248741149902,
  "var_16": 2340.405264854431,
  "var_17": 644.7290096282959,
  "var_18": 12848.585837841034,
  "var_19": 1343.8300676345825,
  "var_20": 5599.912494182587,
  "var_21": 14519.907767772675,
  "var_22": 20632.366092681885,
  "var_23": 3433.6112699508667,
  "var_24": 7188.01523065567,
  "var_25": 1525.943470954895,
  "var_26": 21677.851535320282,
  "var_27": 658.657407283783,
  "var_28": 6562.542630672455,
  "var_29": 1107.189646244049,
  "var_30": 1681.7156209945679,
  "var_31": 3806.398075580597,
  "var_32": 9040.468165874481,
  "var_33": 10055.965994358063,
  "var_34": 16957.171353816986,
  "var_35": 6153.456881523132,
  "var_36": 10416.494703292847,
  "var_37": 1118.1416654586792,
  "var_38": 1898.494589805603,
  "var_39": 823.2141327857971,
  "var_40": 16152.09502363205,
  "var_41": 666.5005469322205,
  "var_42": 2571.1398634910583,
  "var_43": 4167.755455493927,
  "var_44": 15830.80328655243,
  "var_45": 2879.9782700538635,
  "var_46": 2061.366352081299,
  "var_47": 877.6588735580444,
  "var_48": 6999.817668437958,
  "var_49": 5116.435343265533,
  "var_50": 3624.5871663093567,
  "var_51": 4472.990656852722,
  "var_52": 6753.780208110809,
  "var_53": 18678.840953350067,
  "var_54": 3373.2503790855408,
  "var_55": 2376.533942222595,
  "var_56": 9710.653676986694,
  "var_57": 1866.738567352295,
  "var_58": 6053.256091117859,
  "var_59": 1237.4474711418152,
  "var_60": 3376.161542892456,
  "var_61": 1081.2540521621704,
  "var_62": 3844.595555305481,
  "var_63": 2046.2422714233398,
  "var_64": 3155.0560851097107,
  "var_65": 1106.1738939285278,
  "var_66": 5225.361740112305,
  "var_67": 7862.62891626358,
  "var_68": 3679.1375102996826,
  "var_69": 1600.6202368736267,
  "var_70": 7007.139652729034,
  "var_71": 5084.6781940460205,
  "var_72": 3464.428197860718,
  "var_73": 817.4621601104736,
  "var_74": 4258.1507205963135,
  "var_75": 7808.214717388153,
  "var_76": 20371.765914440155,
  "var_77": 2573.418438911438,
  "var_78": 17218.049062728882,
  "var_79": 1008.2308769226074,
  "var_80": 20818.525315761566,
  "var_81": 29078.814691066742,
  "var_82": 5702.25553560257,
  "var_83": 2922.9517126083374,
  "var_84": 2475.9979767799377,
  "var_85": 3921.355492591858,
  "var_86": 10735.080214977264,
  "var_87": 6498.62957239151,
  "var_88": 5114.996483325958,
  "var_89": 7150.659173965454,
  "var_90": 7558.179744243622,
  "var_91": 8141.592876434326,
  "var_92": 14508.327090263367,
  "var_93": 6674.157285690308,
  "var_94": 15206.257914066315,
  "var_95": 6898.9964509010315,
  "var_96": 1563.3438653945923,
  "var_97": 2561.223277568817,
  "var_98": 2246.93843793869,
  "var_99": 14159.308168888092,
  "var_100": 1994.8935141563416,
  "var_101": 1449.3258423805237,
  "var_102": 4502.623039722443,
  "var_103": 559.4810314178467,
  "var_104": 6734.501132011414,
  "var_105": 2936.390235900879,
  "var_106": 8260.051794528961,
  "var_107": 7122.352910041809,
  "var_108": 15459.777160167694,
  "var_109": 13518.879521369934,
  "var_110": 22310.911329746246,
  "var_111": 4310.263957977295,
  "var_112": 7031.342709541321,
  "var_113": 1756.2816987037659,
  "var_114": 6612.8559217453,
  "var_115": 9053.259487628937,
  "var_116": 5609.279239654541,
  "var_117": 705.8038396835327,
  "var_118": 10662.072906017303,
  "var_119": 5995.933307170868,
  "var_120": 2879.2135496139526,
  "var_121": 8086.348915576935,
  "var_122": 12549.636326313019,
  "var_123": 8372.676281452179,
  "var_124": 2264.182861804962,
  "var_125": 4659.466247558594,
  "var_126": 1931.4078540802002,
  "var_127": 7206.56262588501,
  "var_128": 7770.082105636597,
  "var_129": 786.3651480674744,
  "var_130": 9015.399476528168,
  "var_131": 4938.376576423645,
  "var_132": 6468.666865825653,
  "var_133": 12267.207710266113,
  "var_134": 4645.247918605804,
  "var_135": 4328.580973625183,
  "var_136": 2127.111361503601,
  "var_137": 4626.088327407837,
  "var_138": 4088.2606468200684,
  "var_139": 21805.539899349213,
  "var_140": 4101.871661186218,
  "var_141": 5459.937132835388,
  "var_142": 4672.271478176117,
  "var_143": 1356.5867342948914,
  "var_144": 5739.688498973846,
  "var_145": 5247.979703426361,
  "var_146": 20793.91286468506,
  "var_147": 7342.7407393455505,
  "var_148": 17359.190307617188,
  "var_149": 8534.600358009338,
  "var_150": 8067.312094211578,
  "var_151": 4923.0573554039,
  "var_152": 3619.483106613159,
  "var_153": 1086.0529913902283,
  "var_154": 14046.265562057495,
  "var_155": 6867.738303661346,
  "var_156": 4967.676311969757,
  "var_157": 5951.885405540466,
  "var_158": 1909.7288055419922,
  "var_159": 1536.9446630477905,
  "var_160": 2127.9743299484253,
  "var_161": 672.702609539032,
  "var_162": 8620.11041212082,
  "var_163": 5074.368981361389,
  "var_164": 15145.244357585907,
  "var_165": 12284.11102437973,
  "var_166": 20050.05956172943,
  "var_167": 4614.056028366089,
  "var_168": 4261.461936950684,
  "var_169": 8969.118186473846,
  "var_170": 13777.553831100464,
  "var_171": 2264.1952028274536,
  "var_172": 10269.251024723053,
  "var_173": 7864.506273269653,
  "var_174": 21342.220022201538,
  "var_175": 3571.016459465027,
  "var_176": 2756.4887657165527,
  "var_177": 10100.678518295288,
  "var_178": 4810.839346408844,
  "var_179": 11686.81768655777,
  "var_180": 9326.245547294617,
  "var_181": 1428.5056381225586,
  "var_182": 2289.835027217865,
  "var_183": 1005.6964468955994,
  "var_184": 13959.258845806122,
  "var_185": 652.6944608688354,
  "var_186": 7372.898772716522,
  "var_187": 2273.0208883285522,
  "var_188": 10512.752003192902,
  "var_189": 1127.25519323349,
  "var_190": 16881.857367515564,
  "var_191": 10166.135746955872,
  "var_192": 10827.107317447662,
  "var_193": 2708.327034473419,
  "var_194": 5799.578094959259,
  "var_195": 6650.997381210327,
  "var_196": 5573.157438755035,
  "var_197": 8625.45937538147,
  "var_198": 15798.134265899658,
  "var_199": 7888.315866470337
}