{
  "var_0": 15403.133870601654,
  "var_1": 11080.566905975342,
  "var_2": 15990.367816448212,
  "var_3": 1044.1581182479858,
  "var_4": 2560.565804004669,
  "var_5": 5912.527575492859,
  "var_6": 21074.416206359863,
  "var_7": 340.3586597442627,
  "var_8": 3964.6150035858154,
  "var_9": 8650.110758781433,
  "var_10": 1106.5198216438293,
  "var_11": 2898.9891028404236,
  "var_12": 24855.82261610031,
  "var_13": 12118.395236492157,
  "var_14": 1683.8487644195557,
  "var_15": 1521.3853158950806,
  "var_16": 1912.2728724479675,
  "var_17": 406.5409321784973,
  "var_18": 11443.589429855347,
  "var_19": 1077.726294517517,
  "var_20": 5075.383673191071,
  "var_21": 12317.178921699524,
  "var_22": 19725.57452392578,
  "var_23": 3151.9714937210083,
  "var_24": 6245.457028865814,
  "var_25": 945.549756526947,
  "var_26": 20971.856208324432,
  "var_27": 522.5607266426086,
  "var_28": 4997.621079921722,
  "var_29": 539.6678891181946,
  "var_30": 1034.4852867126465,
  "var_31": 2756.4774742126465,
  "var_32": 7911.518136978149,
  "var_33": 9059.502551078796,
  "var_34": 16215.590449333191,
  "var_35": 5370.904160022736,
  "var_36": 9299.748468399048,
  "var_37": 786.1346201896667,
  "var_38": 1315.4433069229126,
  "var_39": 604.6260190010071,
  "var_40": 14841.642260551453,
  "var_41": 714.3540811538696,
  "var_42": 1997.4548473358154,
  "var_43": 3944.8976488113403,
  "var_44": 14532.993633270264,
  "var_45": 2114.7044553756714,
  "var_46": 1942.2210478782654,
  "var_47": 581.4338517189026,
  "var_48": 6861.223058223724,
  "var_49": 4685.711869239807,
  "var_50": 3350.273283958435,
  "var_51": 3717.8104596138,
  "var_52": 5918.952566623688,
  "var_53": 16762.21782684326,
  "var_54": 3041.4749207496643,
  "var_55": 1544.117829322815,
  "var_56": 9250.024799823761,
  "var_57": 1370.2906155586243,
  "var_58": 5058.619109153748,
  "var_59": 843.9732580184937,
  "var_60": 2378.6653895378113,
  "var_61": 662.5061287879944,
  "var_62": 2831.159351348877,
  "var_63": 1483.5874280929565,
  "var_64": 2628.955738067627,
  "var_65": 707.5790638923645,
  "var_66": 4472.367503166199,
  "var_67": 7052.798122882843,
  "var_68": 2950.096127510071,
  "var_69": 1454.1934394836426,
  "var_70": 6369.734875202179,
  "var_71": 4626.597312927246,
  "var_72": 2549.6838970184326,
  "var_73": 498.35801887512207,
  "var_74": 3418.8340878486633,
  "var_75": 6811.323013782501,
  "var_76": 18573.398332595825,
  "var_77": 2232.0030212402344,
  "var_78": 16038.39903497696,
  "var_79": 803.5663819313049,
  "var_80": 19358.80996322632,
  "var_81": 27561.72171497345,
  "var_82": 5277.135320186615,
  "var_83": 2468.191355228424,
  "var_84": 1956.23393201828,
  "var_85": 3374.191219806671,
  "var_86": 10464.924175262451,
  "var_87": 5523.991182804108,
  "var_88": 4546.787624359131,
  "var_89": 6196.743824481964,
  "var_90": 6289.419373512268,
  "var_91": 7513.247152805328,
  "var_92": 13638.825152397156,
  "var_93": 5484.0172390937805,
  "var_94": 14778.381656646729,
  "var_95": 6826.123555183411,
  "var_96": 1345.011591911316,
  "var_97": 1563.2170767784119,
  "var_98": 1422.3051443099976,
  "var_99": 13307.253098487854,
  "var_100": 1267.9679489135742,
  "var_101": 754.6710677146912,
  "var_102": 3489.780969142914,
  "var_103": 395.0472478866577,
  "var_104": 5054.35834980011,
  "var_105": 2678.8087859153748,
  "var_106": 7669.295244693756,
  "var_107": 6104.239639282227,
  "var_108": 15355.349268913269,
  "var_109": 13485.735802173615,
  "var_110": 21608.881330490112,
  "var_111": 3581.561779975891,
  "var_112": 6140.860903263092,
  "var_113": 1314.7320404052734,
  "var_114": 5880.396323680878,
  "var_115": 8098.480072021484,
  "var_116": 5014.451019287109,
  "var_117": 409.3094005584717,
  "var_118": 9566.102245807648,
  "var_119": 5181.0167760849,
  "var_120": 1898.2903985977173,
  "var_121": 7412.310987949371,
  "var_122": 10856.37213563919,
  "var_123": 7818.59872341156,
  "var_124": 1422.1626601219177,
  "var_125": 4276.95859670639,
  "var_126": 1380.6089100837708,
  "var_127": 7023.111761569977,
  "var_128": 6400.039315700531,
  "var_129": 635.0431423187256,
  "var_130": 7977.233211040497,
  "var_131": 4507.723749160767,
  "var_132": 5666.503208637238,
  "var_133": 11546.376679420471,
  "var_134": 4268.849299907684,
  "var_135": 3631.787815093994,
  "var_136": 1316.340530872345,
  "var_137": 3843.1385288238525,
  "var_138": 3604.8449506759644,
  "var_139": 20525.181252002716,
  "var_140": 2974.666801929474,
  "var_141": 4824.629485607147,
  "var_142": 3690.253816127777,
  "var_143": 1107.7451615333557,
  "var_144": 4635.729271411896,
  "var_145": 4981.575886249542,
  "var_146": 20349.9436044693,
  "var_147": 7043.1896276474,
  "var_148": 16307.383268356323,
  "var_149": 7720.415636539459,
  "var_150": 7235.562146663666,
  "var_151": 3613.9436683654785,
  "var_152": 2693.9361147880554,
  "var_153": 596.1851286888123,
  "var_154": 12855.56838130951,
  "var_155": 5948.4794182777405,
  "var_156": 4234.9933705329895,
  "var_157": 5096.860649585724,
  "var_158": 1263.6063442230225,
  "var_159": 1346.4194178581238,
  "var_160": 1503.5010271072388,
  "var_161": 458.0522994995117,
  "var_162": 7587.719965457916,
  "var_163": 4867.281356811523,
  "var_164": 13728.928740978241,
  "var_165": 11977.714248657227,
  "var_166": 19401.383892059326,
  "var_167": 3844.7616634368896,
  "var_168": 3208.1696453094482,
  "var_169": 8686.085121631622,
  "var_170": 13904.014882564545,
  "var_171": 1440.0053281784058,
  "var_172": 9634.186602592468,
  "var_173": 7316.844541549683,
  "var_174": 19760.400096416473,
  "var_175": 2782.6449041366577,
  "var_176": 1897.7284393310547,
  "var_177": 8511.60361289978,
  "var_178": 4157.044954299927,
  "var_179": 11240.977094650269,
  "var_180": 8743.811537265778,
  "var_181": 1448.2540683746338,
  "var_182": 1848.2040095329285,
  "var_183": 610.3386602401733,
  "var_184": 12846.554102420807,
  "var_185": 499.1100559234619,
  "var_186": 6871.563868522644,
  "var_187": 1757.262399673462,
  "var_188": 10087.442717075348,
  "var_189": 760.6646280288696,
  "var_190": 16703.426681518555,
  "var_191": 9207.926514148712,
  "var_192": 9065.24427986145,
  "var_193": 2051.782801628113,
  "var_194": 5152.372151374817,
  "var_195": 5482.833891868591,
  "var_196": 5078.893908500671,
  "var_197": 8307.348267555237,
  "var_198": 14478.419248104095,
  "var_199": 6475.648178577423
}