{
  "var_0": 16448.858006954193,
  "var_1": 12362.084174633026,
  "var_2": 18436.720487594604,
  "var_3": 1643.1317472457886,
  "var_4": 3166.6629481315613,
  "var_5": 5914.034795284271,
  "var_6": 22154.229362010956,
  "var_7": 910.1565504074097,
  "var_8": 4673.417383670807,
  "var_9": 9489.665120601654,
  "var_10": 2102.344370365143,
  "var_11": 3492.15745306015,
  "var_12": 26061.35854244232,
  "var_13": 13723.134350776672,
  "var_14": 2426.4029216766357,
  "var_15": 2681.44926404953,
  "var_16": 3004.425866127014,
  "var_17": 656.4166879653931,
  "var_18": 12616.342059612274,
  "var_19": 1338.8055305480957,
  "var_20": 5733.971150875092,
  "var_21": 13582.284191131592,
  "var_22": 19920.720489025116,
  "var_23": 3702.6317348480225,
  "var_24": 8142.811112880707,
  "var_25": 1510.693042755127,
  "var_26": 22046.410392284393,
  "var_27": 964.2756400108337,
  "var_28": 6702.964608192444,
  "var_29": 1268.1586284637451,
  "var_30": 2197.3454456329346,
  "var_31": 3229.7910194396973,
  "var_32": 8901.235892295837,
  "var_33": 10756.573929786682,
  "var_34": 17532.069486618042,
  "var_35": 6203.101407527924,
  "var_36": 10236.395897865295,
  "var_37": 1198.780339717865,
  "var_38": 2319.5233607292175,
  "var_39": 974.5988445281982,
  "var_40": 16038.064183712006,
  "var_41": 697.2535982131958,
  "var_42": 2698.6277351379395,
  "var_43": 4379.407780647278,
  "var_44": 16003.01070022583,
  "var_45": 2932.8959798812866,
  "var_46": 2199.5588459968567,
  "var_47": 1009.8977613449097,
  "var_48": 7843.742512702942,
  "var_49": 5672.100774765015,
  "var_50": 4299.517424583435,
  "var_51": 4565.381851673126,
  "var_52": 7117.365501880646,
  "var_53": 19227.278418064117,
  "var_54": 3869.08962726593,
  "var_55": 2474.6281042099,
  "var_56": 10373.465540885925,
  "var_57": 1983.1811828613281,
  "var_58": 6145.925781726837,
  "var_59": 1314.319483757019,
  "var_60": 3411.2814321517944,
  "var_61": 1004.5509781837463,
  "var_62": 4044.300184726715,
  "var_63": 1804.4257164001465,
  "var_64": 3520.8456740379333,
  "var_65": 1015.7178363800049,
  "var_66": 5277.8114466667175,
  "var_67": 8260.853827953339,
  "var_68": 4203.395816326141,
  "var_69": 1698.0099692344666,
  "var_70": 6980.333167552948,
  "var_71": 5296.861327171326,
  "var_72": 3989.5577731132507,
  "var_73": 981.8723645210266,
  "var_74": 4767.302752494812,
  "var_75": 7682.133295536041,
  "var_76": 19929.60067176819,
  "var_77": 2416.1268248558044,
  "var_78": 17347.40399646759,
  "var_79": 1287.6762018203735,
  "var_80": 20795.671021938324,
  "var_81": 28585.549051761627,
  "var_82": 6935.636337280273,
  "var_83": 3459.1127605438232,
  "var_84": 3097.0613260269165,
  "var_85": 4333.4380350112915,
  "var_86": 10979.263357639313,
  "var_87": 6308.029292583466,
  "var_88": 5131.756020069122,
  "var_89": 7292.980598449707,
  "var_90": 7626.638613700867,
  "var_91": 8848.240215301514,
  "var_92": 15219.089016914368,
  "var_93": 6386.895289897919,
  "var_94": 15687.812201976776,
  "var_95": 7285.053825855255,
  "var_96": 2197.134067296982,
  "var_97": 2167.4255204200745,
  "var_98": 2551.081027030945,
  "var_99": 15373.52201795578,
  "var_100": 2070.1093163490295,
  "var_101": 1542.8918852806091,
  "var_102": 5105.848512649536,
  "var_103": 648.4385600090027,
  "var_104": 6700.663348674774,
  "var_105": 3283.603931427002,
  "var_106": 9309.709812164307,
  "var_107": 7231.477154254913,
  "var_108": 16134.146265506744,
  "var_109": 14613.346390724182,
  "var_110": 22688.91357755661,
  "var_111": 4259.876092910767,
  "var_112": 6805.613322734833,
  "var_113": 1654.0925116539001,
  "var_114": 7054.261221885681,
  "var_115": 9919.117010116577,
  "var_116": 6883.066287994385,
  "var_117": 931.9546666145325,
  "var_118": 10864.285921096802,
  "var_119": 6123.715000629425,
  "var_120": 2857.148590564728,
  "var_121": 9146.226721286774,
  "var_122": 12287.812623023987,
  "var_123": 8799.910115718842,
  "var_124": 2152.3800930976868,
  "var_125": 4893.690897941589,
  "var_126": 2378.3727407455444,
  "var_127": 7781.017615318298,
  "var_128": 8185.095048904419,
  "var_129": 1161.705186843872,
  "var_130": 9921.49958896637,
  "var_131": 5475.860845088959,
  "var_132": 6865.444776535034,
  "var_133": 13117.715666770935,
  "var_134": 4870.0495891571045,
  "var_135": 4529.642613887787,
  "var_136": 2298.7229318618774,
  "var_137": 5327.804703712463,
  "var_138": 4943.840003490448,
  "var_139": 21934.33935689926,
  "var_140": 4371.066550254822,
  "var_141": 5411.901143074036,
  "var_142": 4782.765686035156,
  "var_143": 1607.7605414390564,
  "var_144": 5935.659466743469,
  "var_145": 5505.677764415741,
  "var_146": 21692.587175369263,
  "var_147": 7990.894916534424,
  "var_148": 17741.523622512817,
  "var_149": 9008.30394411087,
  "var_150": 8002.731253147125,
  "var_151": 4821.094689846039,
  "var_152": 3722.696539402008,
  "var_153": 1159.8473920822144,
  "var_154": 14819.314522266388,
  "var_155": 6746.594177722931,
  "var_156": 5317.38126707077,
  "var_157": 5427.264152050018,
  "var_158": 2116.2185096740723,
  "var_159": 1917.5476160049438,
  "var_160": 2747.8020367622375,
  "var_161": 942.3655090332031,
  "var_162": 9166.076945781708,
  "var_163": 5851.261558055878,
  "var_164": 14844.95095205307,
  "var_165": 13408.878820896149,
  "var_166": 20687.825243473053,
  "var_167": 4453.427629947662,
  "var_168": 4549.614545822144,
  "var_169": 9411.55137014389,
  "var_170": 14958.799153804779,
  "var_171": 2393.713144302368,
  "var_172": 10622.668285369873,
  "var_173": 8112.479475975037,
  "var_174": 21513.623569965363,
  "var_175": 3887.2479944229126,
  "var_176": 3029.977195262909,
  "var_177": 10199.213148593903,
  "var_178": 4953.172958850861,
  "var_179": 12391.98866891861,
  "var_180": 9637.39541721344,
  "var_181": 1668.5592546463013,
  "var_182": 2676.9007983207703,
  "var_183": 1014.7747387886047,
  "var_184": 15039.997025966644,
  "var_185": 815.9490809440613,
  "var_186": 7849.500528812408,
  "var_187": 2707.23947763443,
  "var_188": 11056.814806461334,
  "var_189": 1150.9820165634155,
  "var_190": 17269.64080619812,
  "var_191": 10264.905973434448,
  "var_192": 10603.977527618408,
  "var_193": 2703.7782011032104,
  "var_194": 5684.762384414673,
  "var_195": 6647.63667345047,
  "var_196": 6161.04420042038,
  "var_197": 8331.671248912811,
  "var_198": 16072.906509876251,
  "var_199": 8363.141289234161
}