{
  "var_0": 16634.50400495529,
  "var_1": 13037.936926364899,
  "var_2": 19168.0764708519,
  "var_3": 2078.0137634277344,
  "var_4": 3614.352484703064,
  "var_5": 7061.1259779930115,
  "var_6": 22181.499566078186,
  "var_7": 1093.7018384933472,
  "var_8": 5706.304138660431,
  "var_9": 10493.632327079773,
  "var_10": 2195.7215609550476,
  "var_11": 3505.047960281372,
  "var_12": 26481.033668994904,
  "var_13": 14028.027483463287,
  "var_14": 3588.7873525619507,
  "var_15": 2588.054220676422,
  "var_16": 3639.9300208091736,
  "var_17": 799.6980319023132,
  "var_18": 13925.741216182709,
  "var_19": 1532.0418620109558,
  "var_20": 6021.278810977936,
  "var_21": 14581.99500465393,
  "var_22": 21154.77166557312,
  "var_23": 4019.278214931488,
  "var_24": 8477.391340255737,
  "var_25": 1781.7639436721802,
  "var_26": 22578.05730199814,
  "var_27": 962.5974097251892,
  "var_28": 6539.310585975647,
  "var_29": 1225.8754487037659,
  "var_30": 2488.4334840774536,
  "var_31": 3718.006579875946,
  "var_32": 9500.314721345901,
  "var_33": 10571.751837730408,
  "var_34": 17739.9072265625,
  "var_35": 6846.30854511261,
  "var_36": 10928.285569667816,
  "var_37": 1373.0926294326782,
  "var_38": 2729.3716497421265,
  "var_39": 1357.0929107666016,
  "var_40": 16186.705974340439,
  "var_41": 862.2427296638489,
  "var_42": 3550.606369495392,
  "var_43": 4755.22038269043,
  "var_44": 16746.44947576523,
  "var_45": 3081.7832555770874,
  "var_46": 2745.412182331085,
  "var_47": 1058.1894092559814,
  "var_48": 8135.060964107513,
  "var_49": 6024.29178237915,
  "var_50": 4892.927197217941,
  "var_51": 4862.172402858734,
  "var_52": 7610.849952697754,
  "var_53": 19098.051594734192,
  "var_54": 4632.255770206451,
  "var_55": 2500.511565685272,
  "var_56": 10910.035335063934,
  "var_57": 2052.312397003174,
  "var_58": 6803.52334022522,
  "var_59": 1591.2457880973816,
  "var_60": 4349.220380306244,
  "var_61": 1381.3295798301697,
  "var_62": 4956.075755119324,
  "var_63": 2411.7846693992615,
  "var_64": 4076.818388938904,
  "var_65": 1441.5994362831116,
  "var_66": 6236.790171146393,
  "var_67": 8475.814866542816,
  "var_68": 4097.605947494507,
  "var_69": 1843.9123334884644,
  "var_70": 8147.751546382904,
  "var_71": 5858.180170536041,
  "var_72": 4537.7761788368225,
  "var_73": 1091.927265405655,
  "var_74": 5061.969877481461,
  "var_75": 8375.002339363098,
  "var_76": 20836.58369398117,
  "var_77": 2999.043942451477,
  "var_78": 18750.722199440002,
  "var_79": 1238.2095642089844,
  "var_80": 21087.668209552765,
  "var_81": 29735.14184999466,
  "var_82": 7216.979759216309,
  "var_83": 3446.145767688751,
  "var_84": 3581.1913189888,
  "var_85": 3935.1079301834106,
  "var_86": 11962.567469120026,
  "var_87": 7206.190613269806,
  "var_88": 5934.304479598999,
  "var_89": 7207.8218903541565,
  "var_90": 8192.614716529846,
  "var_91": 9319.471754550934,
  "var_92": 15265.961020469666,
  "var_93": 6085.07123708725,
  "var_94": 15456.528884649277,
  "var_95": 7881.1650104522705,
  "var_96": 2554.4286546707153,
  "var_97": 2610.744993686676,
  "var_98": 2926.8610768318176,
  "var_99": 15116.982867717743,
  "var_100": 2607.6849999427795,
  "var_101": 1457.1330800056458,
  "var_102": 5205.865808963776,
  "var_103": 1053.814410686493,
  "var_104": 7030.976986885071,
  "var_105": 3384.4423956871033,
  "var_106": 9129.342384815216,
  "var_107": 6994.74561548233,
  "var_108": 17508.36711883545,
  "var_109": 14198.647048473358,
  "var_110": 24438.306801319122,
  "var_111": 4712.217330932617,
  "var_112": 7175.361078739166,
  "var_113": 2223.53190946579,
  "var_114": 7980.9382910728455,
  "var_115": 9928.006208896637,
  "var_116": 6836.321250915527,
  "var_117": 1002.6078381538391,
  "var_118": 12174.208876609802,
  "var_119": 6530.283143997192,
  "var_120": 3999.4350481033325,
  "var_121": 9282.06198978424,
  "var_122": 12890.729074954987,
  "var_123": 9081.572099208832,
  "var_124": 2686.523004055023,
  "var_125": 5480.874648094177,
  "var_126": 2579.0389075279236,
  "var_127": 7703.562924861908,
  "var_128": 8728.042068481445,
  "var_129": 1403.6729111671448,
  "var_130": 9911.226378440857,
  "var_131": 5713.621682167053,
  "var_132": 7993.355691432953,
  "var_133": 12524.865510940552,
  "var_134": 5701.768908023834,
  "var_135": 4646.5294098854065,
  "var_136": 3109.1886382102966,
  "var_137": 5435.941611051559,
  "var_138": 5150.403860092163,
  "var_139": 23658.244268894196,
  "var_140": 4240.263014793396,
  "var_141": 6194.496829509735,
  "var_142": 4342.84770488739,
  "var_143": 1897.7177529335022,
  "var_144": 6129.428380489349,
  "var_145": 5796.447286605835,
  "var_146": 22249.46820807457,
  "var_147": 7612.454480648041,
  "var_148": 18694.863794326782,
  "var_149": 9716.592319011688,
  "var_150": 9156.828115701675,
  "var_151": 5092.453250408173,
  "var_152": 4426.614060878754,
  "var_153": 1244.9571013450623,
  "var_154": 14844.962572097778,
  "var_155": 7633.518177509308,
  "var_156": 5684.932196140289,
  "var_157": 6616.906017303467,
  "var_158": 2588.463843345642,
  "var_159": 1911.2849712371826,
  "var_160": 2599.90287065506,
  "var_161": 1177.6264715194702,
  "var_162": 9407.367116451263,
  "var_163": 6383.454580307007,
  "var_164": 15796.323639392853,
  "var_165": 13276.50252866745,
  "var_166": 21264.99998998642,
  "var_167": 5149.746470451355,
  "var_168": 4566.225854635239,
  "var_169": 9695.057580947876,
  "var_170": 15795.688236236572,
  "var_171": 2527.3551807403564,
  "var_172": 11428.592801570892,
  "var_173": 8959.310263633728,
  "var_174": 21981.390736579895,
  "var_175": 4284.117385387421,
  "var_176": 3710.036340713501,
  "var_177": 10327.543849468231,
  "var_178": 5766.951429843903,
  "var_179": 13080.177059173584,
  "var_180": 10671.217734336853,
  "var_181": 1808.7743854522705,
  "var_182": 3053.851366519928,
  "var_183": 1313.8445873260498,
  "var_184": 16160.78119969368,
  "var_185": 1104.5383701324463,
  "var_186": 8104.310758113861,
  "var_187": 2645.845802783966,
  "var_188": 12221.941474437714,
  "var_189": 1529.521282672882,
  "var_190": 17962.94021987915,
  "var_191": 10924.619364738464,
  "var_192": 11122.789772510529,
  "var_193": 2708.835270881653,
  "var_194": 6125.367132663727,
  "var_195": 6940.078944683075,
  "var_196": 6734.847790718079,
  "var_197": 9665.02939748764,
  "var_198": 16178.613700389862,
  "var_199": 9051.245066165924
}