{
  "var_0": 15991.46019411087,
  "var_1": 11342.362970352173,
  "var_2": 17426.742979049683,
  "var_3": 1365.2223987579346,
  "var_4": 2821.802718639374,
  "var_5": 6344.274414539337,
  "var_6": 20989.173909664154,
  "var_7": 561.5398592948914,
  "var_8": 4128.498713970184,
  "var_9": 9313.738149642944,
  "var_10": 1463.9461188316345,
  "var_11": 2939.51802778244,
  "var_12": 26561.410113334656,
  "var_13": 13102.068097114563,
  "var_14": 2362.8662824630737,
  "var_15": 2215.1645946502686,
  "var_16": 2798.7500529289246,
  "var_17": 804.3552560806274,
  "var_18": 12643.516080379486,
  "var_19": 1471.68079662323,
  "var_20": 5299.655766487122,
  "var_21": 14386.893286705017,
  "var_22": 19536.007045269012,
  "var_23": 3742.494902610779,
  "var_24": 7159.226606369019,
  "var_25": 1345.5857405662537,
  "var_26": 21664.278661727905,
  "var_27": 706.1876525878906,
  "var_28": 6350.319009304047,
  "var_29": 977.6609811782837,
  "var_30": 1750.6896333694458,
  "var_31": 3422.733440876007,
  "var_32": 8596.658286571503,
  "var_33": 10072.496922492981,
  "var_34": 16850.42589855194,
  "var_35": 5723.3633460998535,
  "var_36": 9793.055376052856,
  "var_37": 1219.1383781433105,
  "var_38": 2084.6773796081543,
  "var_39": 789.9243392944336,
  "var_40": 16339.8069024086,
  "var_41": 681.6913604736328,
  "var_42": 2530.214292526245,
  "var_43": 4472.843425750732,
  "var_44": 16284.559571266174,
  "var_45": 3027.9529938697815,
  "var_46": 1971.8830952644348,
  "var_47": 663.8176422119141,
  "var_48": 7291.445411205292,
  "var_49": 5221.357144355774,
  "var_50": 4035.7356276512146,
  "var_51": 4405.252613544464,
  "var_52": 7054.866002559662,
  "var_53": 18669.421762943268,
  "var_54": 3738.291428089142,
  "var_55": 2438.680293560028,
  "var_56": 10001.4366812706,
  "var_57": 1899.7417998313904,
  "var_58": 6194.925868988037,
  "var_59": 1224.1549081802368,
  "var_60": 3170.649726867676,
  "var_61": 1133.3011922836304,
  "var_62": 3651.61217546463,
  "var_63": 1762.2795515060425,
  "var_64": 3174.772478580475,
  "var_65": 787.8382143974304,
  "var_66": 4609.049040317535,
  "var_67": 7426.309492111206,
  "var_68": 3606.736166000366,
  "var_69": 1714.2210965156555,
  "var_70": 7050.17786026001,
  "var_71": 5376.26314496994,
  "var_72": 3205.879907608032,
  "var_73": 691.5601205825806,
  "var_74": 4208.671308994293,
  "var_75": 7521.629553318024,
  "var_76": 19107.95449113846,
  "var_77": 2487.084930896759,
  "var_78": 17712.23306274414,
  "var_79": 980.7163872718811,
  "var_80": 20422.764492988586,
  "var_81": 28778.902821540833,
  "var_82": 5906.117573261261,
  "var_83": 2900.094642162323,
  "var_84": 2984.4175815582275,
  "var_85": 4492.1238923072815,
  "var_86": 10333.392635822296,
  "var_87": 6141.56228017807,
  "var_88": 4942.13894367218,
  "var_89": 6890.373504161835,
  "var_90": 6773.726046562195,
  "var_91": 8609.173181056976,
  "var_92": 14608.32820224762,
  "var_93": 6463.038434505463,
  "var_94": 15683.541425228119,
  "var_95": 7226.433433532715,
  "var_96": 1672.9622197151184,
  "var_97": 2136.2008204460144,
  "var_98": 1819.2960286140442,
  "var_99": 14641.688732147217,
  "var_100": 1744.7308077812195,
  "var_101": 1190.3808369636536,
  "var_102": 4918.767829418182,
  "var_103": 684.0166802406311,
  "var_104": 6396.823829650879,
  "var_105": 2763.266092777252,
  "var_106": 8175.282498836517,
  "var_107": 6313.862293720245,
  "var_108": 15899.950394153595,
  "var_109": 14006.587345123291,
  "var_110": 22504.70194721222,
  "var_111": 4036.8182611465454,
  "var_112": 6763.267936706543,
  "var_113": 1746.9820094108582,
  "var_114": 6652.608603000641,
  "var_115": 9729.15976524353,
  "var_116": 5756.937122344971,
  "var_117": 782.7354621887207,
  "var_118": 10119.33085680008,
  "var_119": 5964.388782978058,
  "var_120": 2667.3748984336853,
  "var_121": 8405.317033290863,
  "var_122": 12201.764533519745,
  "var_123": 8564.338250637054,
  "var_124": 2123.7683601379395,
  "var_125": 4381.8688044548035,
  "var_126": 2100.895758152008,
  "var_127": 7342.370806694031,
  "var_128": 7323.659753322601,
  "var_129": 873.8904323577881,
  "var_130": 9307.386946201324,
  "var_131": 5297.605754852295,
  "var_132": 6301.306676387787,
  "var_133": 12654.413498878479,
  "var_134": 5012.610599517822,
  "var_135": 4345.703489303589,
  "var_136": 2066.2419600486755,
  "var_137": 4658.963726043701,
  "var_138": 4097.599004745483,
  "var_139": 21462.244511127472,
  "var_140": 3743.2361583709717,
  "var_141": 5555.648933887482,
  "var_142": 4440.797618865967,
  "var_143": 1279.062093257904,
  "var_144": 5563.751728057861,
  "var_145": 5563.651096820831,
  "var_146": 21140.929466724396,
  "var_147": 7207.935369968414,
  "var_148": 17007.168014526367,
  "var_149": 8242.801689624786,
  "var_150": 7313.957733631134,
  "var_151": 4522.145612716675,
  "var_152": 3183.8655548095703,
  "var_153": 947.0219993591309,
  "var_154": 14431.149775028229,
  "var_155": 7101.446275234222,
  "var_156": 4650.176320552826,
  "var_157": 5879.832603931427,
  "var_158": 1713.4679312705994,
  "var_159": 1690.5709867477417,
  "var_160": 1978.7845358848572,
  "var_161": 729.3900799751282,
  "var_162": 8677.042385101318,
  "var_163": 5503.41702747345,
  "var_164": 15004.142164230347,
  "var_165": 12292.455707073212,
  "var_166": 20885.041806697845,
  "var_167": 4315.810459136963,
  "var_168": 4030.9082527160645,
  "var_169": 8857.908583641052,
  "var_170": 14250.534230709076,
  "var_171": 1973.0926909446716,
  "var_172": 10693.709159374237,
  "var_173": 7306.566468238831,
  "var_174": 20661.787747383118,
  "var_175": 3688.8381156921387,
  "var_176": 2509.2452368736267,
  "var_177": 9359.437304496765,
  "var_178": 4617.401777267456,
  "var_179": 12070.49950170517,
  "var_180": 10067.769972801208,
  "var_181": 1416.4120516777039,
  "var_182": 2275.5342783927917,
  "var_183": 884.55020570755,
  "var_184": 14094.758486270905,
  "var_185": 605.9236612319946,
  "var_186": 7433.516835689545,
  "var_187": 2368.6099138259888,
  "var_188": 10809.30406332016,
  "var_189": 1047.0620574951172,
  "var_190": 17141.22097969055,
  "var_191": 10059.04966211319,
  "var_192": 10535.964487552643,
  "var_193": 2781.5500292778015,
  "var_194": 5360.882294178009,
  "var_195": 6130.810286998749,
  "var_196": 6011.795234680176,
  "var_197": 9406.196023464203,
  "var_198": 15161.481217384338,
  "var_199": 8608.21276807785
}