{
  "var_0": 16777.781400203705,
  "var_1": 13156.290169715881,
  "var_2": 18351.436886310577,
  "var_3": 1719.038212299347,
  "var_4": 3603.794865131378,
  "var_5": 7140.367146492004,
  "var_6": 22157.21955037117,
  "var_7": 951.5516090393066,
  "var_8": 5426.311644554138,
  "var_9": 10365.982975006104,
  "var_10": 2318.924825668335,
  "var_11": 3205.869140625,
  "var_12": 26726.89598417282,
  "var_13": 13519.847156047821,
  "var_14": 3198.5716853141785,
  "var_15": 2550.361044883728,
  "var_16": 3191.417206287384,
  "var_17": 900.2865433692932,
  "var_18": 14112.49904870987,
  "var_19": 1422.1121859550476,
  "var_20": 5997.933511734009,
  "var_21": 14192.509582996368,
  "var_22": 21635.52571630478,
  "var_23": 4273.42599439621,
  "var_24": 7959.694501399994,
  "var_25": 1455.368929862976,
  "var_26": 22671.745278596878,
  "var_27": 1090.8951649665833,
  "var_28": 7139.1284918785095,
  "var_29": 1091.5429911613464,
  "var_30": 2329.9624359607697,
  "var_31": 3600.535702228546,
  "var_32": 9543.319475650787,
  "var_33": 10943.14545249939,
  "var_34": 17644.8764667511,
  "var_35": 6675.72260427475,
  "var_36": 10834.4627327919,
  "var_37": 1310.2897176742554,
  "var_38": 2419.905780315399,
  "var_39": 1115.1691575050354,
  "var_40": 16405.559383153915,
  "var_41": 1033.914291858673,
  "var_42": 2994.077563762665,
  "var_43": 4874.632202625275,
  "var_44": 15737.334235191345,
  "var_45": 3279.8861775398254,
  "var_46": 2726.303228378296,
  "var_47": 1213.3992128372192,
  "var_48": 8063.011279582977,
  "var_49": 5823.403049468994,
  "var_50": 4268.341506481171,
  "var_51": 4434.1411328315735,
  "var_52": 7568.170914649963,
  "var_53": 18816.013293266296,
  "var_54": 4540.019960403442,
  "var_55": 2696.772035598755,
  "var_56": 10416.100713729858,
  "var_57": 1932.0521421432495,
  "var_58": 6390.744572639465,
  "var_59": 1200.4764075279236,
  "var_60": 3738.963532447815,
  "var_61": 1148.0243601799011,
  "var_62": 4357.370498180389,
  "var_63": 2186.3954973220825,
  "var_64": 4169.05868434906,
  "var_65": 1628.3816585540771,
  "var_66": 5601.258635044098,
  "var_67": 8412.2666721344,
  "var_68": 4368.458571910858,
  "var_69": 2171.0728034973145,
  "var_70": 8003.8063044548035,
  "var_71": 5752.767517566681,
  "var_72": 4381.422466754913,
  "var_73": 1035.1847176551819,
  "var_74": 5094.570893287659,
  "var_75": 7963.538848400116,
  "var_76": 21395.16844177246,
  "var_77": 3211.254138946533,
  "var_78": 18014.76691532135,
  "var_79": 1360.552128791809,
  "var_80": 20677.964109897614,
  "var_81": 29279.602509975433,
  "var_82": 6824.786556959152,
  "var_83": 3184.0221614837646,
  "var_84": 4047.044915676117,
  "var_85": 3919.3488187789917,
  "var_86": 11672.289058208466,
  "var_87": 7248.169105529785,
  "var_88": 5656.3781180381775,
  "var_89": 6987.9297432899475,
  "var_90": 8092.808543205261,
  "var_91": 9123.685835838318,
  "var_92": 16377.626614570618,
  "var_93": 6502.607982635498,
  "var_94": 16617.319639205933,
  "var_95": 7686.867974758148,
  "var_96": 2162.758129119873,
  "var_97": 2404.7079696655273,
  "var_98": 2721.449052333832,
  "var_99": 15191.506903648376,
  "var_100": 2630.297157764435,
  "var_101": 1709.006145954132,
  "var_102": 5796.374153137207,
  "var_103": 688.6914029121399,
  "var_104": 7037.966679573059,
  "var_105": 3297.7885370254517,
  "var_106": 9086.245603084564,
  "var_107": 7363.084618091583,
  "var_108": 16712.715674877167,
  "var_109": 14275.112673282623,
  "var_110": 23515.058189868927,
  "var_111": 4838.379048347473,
  "var_112": 7993.43954372406,
  "var_113": 2279.522612094879,
  "var_114": 7251.980239868164,
  "var_115": 9713.879325389862,
  "var_116": 7057.313618183136,
  "var_117": 1073.603217124939,
  "var_118": 11255.258156776428,
  "var_119": 6463.359787940979,
  "var_120": 3489.8706526756287,
  "var_121": 8913.615368843079,
  "var_122": 12762.297581672668,
  "var_123": 9361.20671415329,
  "var_124": 2459.5878710746765,
  "var_125": 5069.430611133575,
  "var_126": 2673.906819820404,
  "var_127": 8013.624853610992,
  "var_128": 8208.708891630173,
  "var_129": 1349.233540058136,
  "var_130": 10001.395761013031,
  "var_131": 5968.757716178894,
  "var_132": 7473.305792808533,
  "var_133": 13403.023629188538,
  "var_134": 5617.558049201965,
  "var_135": 4696.432899475098,
  "var_136": 2765.06379365921,
  "var_137": 5209.5700125694275,
  "var_138": 5094.262305259705,
  "var_139": 22247.280567646027,
  "var_140": 4379.686979293823,
  "var_141": 5990.0285720825195,
  "var_142": 4387.771130561829,
  "var_143": 1433.386320590973,
  "var_144": 5953.349045276642,
  "var_145": 5828.640152931213,
  "var_146": 22697.387138843536,
  "var_147": 8047.260679244995,
  "var_148": 18041.735543727875,
  "var_149": 9482.0171957016,
  "var_150": 8497.598137378693,
  "var_151": 4944.4644503593445,
  "var_152": 4303.664645433426,
  "var_153": 1556.3336186408997,
  "var_154": 14474.526731014252,
  "var_155": 7680.11491060257,
  "var_156": 5916.443577289581,
  "var_157": 5572.9570298194885,
  "var_158": 2558.3794469833374,
  "var_159": 2113.831575870514,
  "var_160": 3188.516139984131,
  "var_161": 1062.7155714035034,
  "var_162": 9170.999888896942,
  "var_163": 6098.2329869270325,
  "var_164": 16157.537461280823,
  "var_165": 13236.583373069763,
  "var_166": 21657.515516757965,
  "var_167": 4794.025286197662,
  "var_168": 5085.050620555878,
  "var_169": 9900.541537761688,
  "var_170": 15796.731704235077,
  "var_171": 2395.068606853485,
  "var_172": 11306.53914642334,
  "var_173": 8418.05595445633,
  "var_174": 21753.078544139862,
  "var_175": 4244.6023206710815,
  "var_176": 3444.2194261550903,
  "var_177": 10070.931021213531,
  "var_178": 5477.689445018768,
  "var_179": 12832.06580877304,
  "var_180": 10153.544868469238,
  "var_181": 2102.290232181549,
  "var_182": 3033.9064207077026,
  "var_183": 1204.5533847808838,
  "var_184": 14565.748406887054,
  "var_185": 1117.0652408599854,
  "var_186": 8582.808356761932,
  "var_187": 2915.623667240143,
  "var_188": 12042.565163612366,
  "var_189": 1538.7113709449768,
  "var_190": 17582.8760266304,
  "var_191": 10516.094870090485,
  "var_192": 10836.25384235382,
  "var_193": 3041.2279019355774,
  "var_194": 6407.673319816589,
  "var_195": 6746.265335083008,
  "var_196": 6284.2860951423645,
  "var_197": 9666.15400648117,
  "var_198": 16178.452446937561,
  "var_199": 8403.101194620132
}