{
  "var_0": 15337.543372631073,
  "var_1": 12052.17633152008,
  "var_2": 17826.73615169525,
  "var_3": 1572.6061472892761,
  "var_4": 2826.7562770843506,
  "var_5": 6396.6062841415405,
  "var_6": 21292.18584394455,
  "var_7": 870.6125140190125,
  "var_8": 4533.290421485901,
  "var_9": 9485.843826293945,
  "var_10": 1634.076756477356,
  "var_11": 3054.065667629242,
  "var_12": 26660.45520591736,
  "var_13": 13197.501200675964,
  "var_14": 2379.4102239608765,
  "var_15": 2369.072910308838,
  "var_16": 2375.4049825668335,
  "var_17": 711.335244178772,
  "var_18": 12817.282737255096,
  "var_19": 1284.0647048950195,
  "var_20": 5320.884350299835,
  "var_21": 13899.135974407196,
  "var_22": 20121.55298614502,
  "var_23": 3762.4599208831787,
  "var_24": 7259.236333370209,
  "var_25": 1458.7479891777039,
  "var_26": 21843.839373111725,
  "var_27": 852.9076595306396,
  "var_28": 6377.506350040436,
  "var_29": 1005.604250907898,
  "var_30": 1913.3383622169495,
  "var_31": 3774.216603755951,
  "var_32": 8994.045209407806,
  "var_33": 10448.891241073608,
  "var_34": 16818.106050014496,
  "var_35": 6236.448684215546,
  "var_36": 9864.506090641022,
  "var_37": 1261.690489768982,
  "var_38": 2079.1720576286316,
  "var_39": 952.7242965698242,
  "var_40": 16214.601967811584,
  "var_41": 648.4996314048767,
  "var_42": 2434.651277065277,
  "var_43": 4875.4949288368225,
  "var_44": 15559.432205677032,
  "var_45": 3215.5343012809753,
  "var_46": 2310.5832014083862,
  "var_47": 1134.5852465629578,
  "var_48": 7805.805038928986,
  "var_49": 5229.979396820068,
  "var_50": 3698.0615911483765,
  "var_51": 4159.709200382233,
  "var_52": 7022.85236120224,
  "var_53": 18613.156724452972,
  "var_54": 4053.8223004341125,
  "var_55": 2355.1801838874817,
  "var_56": 10723.800668239594,
  "var_57": 1937.018277645111,
  "var_58": 6710.136590480804,
  "var_59": 1316.967730998993,
  "var_60": 3522.251153945923,
  "var_61": 1164.9204316139221,
  "var_62": 4145.885896205902,
  "var_63": 2053.979552745819,
  "var_64": 3137.8170375823975,
  "var_65": 905.8199744224548,
  "var_66": 5275.900879383087,
  "var_67": 7468.047412395477,
  "var_68": 3958.437300682068,
  "var_69": 1782.537676334381,
  "var_70": 7637.766388893127,
  "var_71": 5435.276571750641,
  "var_72": 3499.7777514457703,
  "var_73": 921.6117405891418,
  "var_74": 4915.012804031372,
  "var_75": 8105.058762073517,
  "var_76": 20222.08130121231,
  "var_77": 2383.338906764984,
  "var_78": 17807.724030971527,
  "var_79": 993.0543918609619,
  "var_80": 20012.751795768738,
  "var_81": 28249.695419311523,
  "var_82": 6419.89697265625,
  "var_83": 3292.3012404441833,
  "var_84": 2783.299111366272,
  "var_85": 3847.4793753623962,
  "var_86": 10646.236361026764,
  "var_87": 6493.326908588409,
  "var_88": 5102.796933174133,
  "var_89": 6863.875475883484,
  "var_90": 7768.137516498566,
  "var_91": 8986.893820285797,
  "var_92": 15304.11401128769,
  "var_93": 6406.17322063446,
  "var_94": 15614.552507400513,
  "var_95": 7192.085654735565,
  "var_96": 1667.7376012802124,
  "var_97": 2176.0225529670715,
  "var_98": 2227.430438518524,
  "var_99": 14627.529599666595,
  "var_100": 1976.015818119049,
  "var_101": 1394.1917219161987,
  "var_102": 4686.464548110962,
  "var_103": 695.1465611457825,
  "var_104": 6431.873361587524,
  "var_105": 3089.6779737472534,
  "var_106": 8902.651022911072,
  "var_107": 7371.233592510223,
  "var_108": 16729.56702852249,
  "var_109": 13450.661103725433,
  "var_110": 23314.5981464386,
  "var_111": 4383.8465785980225,
  "var_112": 7050.965658187866,
  "var_113": 1608.4690346717834,
  "var_114": 7079.614004135132,
  "var_115": 9138.771612644196,
  "var_116": 6172.229874134064,
  "var_117": 795.6182117462158,
  "var_118": 10957.936222553253,
  "var_119": 5928.586036682129,
  "var_120": 2983.6754689216614,
  "var_121": 8652.684199333191,
  "var_122": 12289.434094905853,
  "var_123": 8408.448085784912,
  "var_124": 2220.022937774658,
  "var_125": 4430.330283641815,
  "var_126": 2194.724148750305,
  "var_127": 7233.3206877708435,
  "var_128": 7850.685067653656,
  "var_129": 979.3699202537537,
  "var_130": 9121.542697906494,
  "var_131": 5387.361471652985,
  "var_132": 6821.1740436553955,
  "var_133": 12321.015908241272,
  "var_134": 4813.190257072449,
  "var_135": 4456.143364906311,
  "var_136": 2081.2538204193115,
  "var_137": 5082.190644741058,
  "var_138": 4650.32429599762,
  "var_139": 22377.219078063965,
  "var_140": 3667.5196113586426,
  "var_141": 5522.081530094147,
  "var_142": 4265.12203836441,
  "var_143": 1355.983681678772,
  "var_144": 5361.918343544006,
  "var_145": 5347.068304538727,
  "var_146": 21510.683874607086,
  "var_147": 7281.15168762207,
  "var_148": 17260.108748435974,
  "var_149": 8637.071681022644,
  "var_150": 8319.153868198395,
  "var_151": 5178.329220294952,
  "var_152": 3259.253897666931,
  "var_153": 1075.2564387321472,
  "var_154": 14621.674723148346,
  "var_155": 7188.36527967453,
  "var_156": 5459.352776050568,
  "var_157": 5639.5056619644165,
  "var_158": 1916.2099537849426,
  "var_159": 1831.364128112793,
  "var_160": 2414.304849624634,
  "var_161": 866.1316990852356,
  "var_162": 8205.511396884918,
  "var_163": 5643.9240617752075,
  "var_164": 15034.580970287323,
  "var_165": 13720.37950181961,
  "var_166": 21186.261492729187,
  "var_167": 4457.3618178367615,
  "var_168": 4228.402225017548,
  "var_169": 9221.317300319672,
  "var_170": 14731.842066764832,
  "var_171": 2302.604046344757,
  "var_172": 11176.628883838654,
  "var_173": 7754.532302856445,
  "var_174": 21708.381357192993,
  "var_175": 3793.8700408935547,
  "var_176": 2437.3678607940674,
  "var_177": 9591.89582824707,
  "var_178": 5034.816547393799,
  "var_179": 12219.358872413635,
  "var_180": 9699.542396068573,
  "var_181": 1551.808204650879,
  "var_182": 2303.8802099227905,
  "var_183": 980.5516400337219,
  "var_184": 14262.722644329071,
  "var_185": 609.0046961307526,
  "var_186": 7746.71213388443,
  "var_187": 2316.993495464325,
  "var_188": 11248.03653049469,
  "var_189": 1025.461485862732,
  "var_190": 17127.909917354584,
  "var_191": 10101.909790039062,
  "var_192": 10397.332671165466,
  "var_193": 2682.972414493561,
  "var_194": 5725.376038074493,
  "var_195": 6841.361316204071,
  "var_196": 6286.175524711609,
  "var_197": 8739.044515132904,
  "var_198": 15548.667724609375,
  "var_199": 8273.953521251678
}