{
  "var_0": 17880.289916992188,
  "var_1": 12603.212126255035,
  "var_2": 19097.870347976685,
  "var_3": 2121.8940114974976,
  "var_4": 5000.481606960297,
  "var_5": 6919.113305568695,
  "var_6": 23238.181805610657,
  "var_7": 1169.1137969493866,
  "var_8": 6135.19576215744,
  "var_9": 11230.92187166214,
  "var_10": 3173.6711134910583,
  "var_11": 3880.094816684723,
  "var_12": 28614.042907238007,
  "var_13": 14922.152087211609,
  "var_14": 4315.137078046799,
  "var_15": 2573.2636156082153,
  "var_16": 4622.565647125244,
  "var_17": 1326.2233986854553,
  "var_18": 14411.200927734375,
  "var_19": 1692.0277581214905,
  "var_20": 6933.972141265869,
  "var_21": 15234.60947561264,
  "var_22": 21666.38815689087,
  "var_23": 4410.670849323273,
  "var_24": 9461.048793792725,
  "var_25": 2375.0571899414062,
  "var_26": 23610.448669195175,
  "var_27": 1368.2236700057983,
  "var_28": 7391.97998380661,
  "var_29": 1599.497492313385,
  "var_30": 3224.2892684936523,
  "var_31": 4060.3927788734436,
  "var_32": 10333.258473873138,
  "var_33": 11789.348727703094,
  "var_34": 18287.93799853325,
  "var_35": 7260.944282054901,
  "var_36": 12931.69296002388,
  "var_37": 1651.1185002326965,
  "var_38": 3411.2527849674225,
  "var_39": 1522.730815410614,
  "var_40": 17212.597216129303,
  "var_41": 1047.5594396591187,
  "var_42": 3918.678193807602,
  "var_43": 5359.098692893982,
  "var_44": 17041.08731985092,
  "var_45": 3730.7655415534973,
  "var_46": 3839.590712070465,
  "var_47": 1398.4627237319946,
  "var_48": 8731.563409805298,
  "var_49": 6102.705935001373,
  "var_50": 5405.494117736816,
  "var_51": 5065.141948699951,
  "var_52": 9266.340465545654,
  "var_53": 19722.039718151093,
  "var_54": 5366.582268238068,
  "var_55": 3147.684137582779,
  "var_56": 11824.895271778107,
  "var_57": 2528.6107845306396,
  "var_58": 7326.762981891632,
  "var_59": 1554.311360359192,
  "var_60": 4854.122171878815,
  "var_61": 1692.8956389427185,
  "var_62": 5217.034290552139,
  "var_63": 2686.5148293972015,
  "var_64": 5133.878748893738,
  "var_65": 1691.6781177520752,
  "var_66": 6610.295606374741,
  "var_67": 8745.535998821259,
  "var_68": 5500.299461841583,
  "var_69": 2573.8422527313232,
  "var_70": 8810.652662754059,
  "var_71": 6009.179399967194,
  "var_72": 5634.241397380829,
  "var_73": 1513.840338230133,
  "var_74": 6105.737751483917,
  "var_75": 8757.079446315765,
  "var_76": 22321.79141807556,
  "var_77": 3271.2562127113342,
  "var_78": 19126.896634817123,
  "var_79": 1750.1448969841003,
  "var_80": 22435.492339611053,
  "var_81": 29837.543365955353,
  "var_82": 7894.5571892261505,
  "var_83": 3893.6153059005737,
  "var_84": 4774.122854709625,
  "var_85": 4980.781799793243,
  "var_86": 12144.335773706436,
  "var_87": 7029.4119601249695,
  "var_88": 6612.594292640686,
  "var_89": 7715.590899467468,
  "var_90": 9253.06713438034,
  "var_91": 9118.475269317627,
  "var_92": 16527.689934253693,
  "var_93": 6937.000786781311,
  "var_94": 17103.878247261047,
  "var_95": 8235.719379663467,
  "var_96": 3150.382245540619,
  "var_97": 3028.722761154175,
  "var_98": 3868.261988401413,
  "var_99": 15320.390296459198,
  "var_100": 3711.413948535919,
  "var_101": 2349.5865182876587,
  "var_102": 6220.817243814468,
  "var_103": 972.3969283103943,
  "var_104": 8169.6273782253265,
  "var_105": 4081.594213962555,
  "var_106": 10495.918308973312,
  "var_107": 7839.577087879181,
  "var_108": 18060.255234718323,
  "var_109": 15599.06425333023,
  "var_110": 25329.68535757065,
  "var_111": 5299.2459597587585,
  "var_112": 8278.216513872147,
  "var_113": 2408.9085738658905,
  "var_114": 8565.739520549774,
  "var_115": 9780.336415290833,
  "var_116": 7119.645927906036,
  "var_117": 1467.0936889648438,
  "var_118": 12361.291474819183,
  "var_119": 7136.844027042389,
  "var_120": 4667.5139582157135,
  "var_121": 9422.428565979004,
  "var_122": 13976.451742649078,
  "var_123": 9104.635808467865,
  "var_124": 3708.9501271247864,
  "var_125": 5942.663517475128,
  "var_126": 3339.0276172161102,
  "var_127": 8653.843161582947,
  "var_128": 8931.124264001846,
  "var_129": 1437.683219909668,
  "var_130": 11057.748018980026,
  "var_131": 6460.98481798172,
  "var_132": 8666.994307041168,
  "var_133": 13254.265835762024,
  "var_134": 6609.50294303894,
  "var_135": 5095.14008808136,
  "var_136": 3765.82413482666,
  "var_137": 5930.501910686493,
  "var_138": 5789.9544315338135,
  "var_139": 23572.345440864563,
  "var_140": 5334.8679366111755,
  "var_141": 6453.1905636787415,
  "var_142": 6203.79412984848,
  "var_143": 2186.9482007026672,
  "var_144": 7294.753218412399,
  "var_145": 6138.689202308655,
  "var_146": 23286.15397500992,
  "var_147": 7912.7759046554565,
  "var_148": 18703.459948062897,
  "var_149": 10075.73975944519,
  "var_150": 9632.490156650543,
  "var_151": 5603.611562490463,
  "var_152": 5249.471845149994,
  "var_153": 1742.6254930496216,
  "var_154": 16414.3612575531,
  "var_155": 8339.995873451233,
  "var_156": 6377.502976894379,
  "var_157": 6733.5454115867615,
  "var_158": 3467.4982237815857,
  "var_159": 2526.2516112327576,
  "var_160": 3819.9317111968994,
  "var_161": 1274.1872215270996,
  "var_162": 10031.21998167038,
  "var_163": 6625.972272872925,
  "var_164": 15593.225798606873,
  "var_165": 13793.966848373413,
  "var_166": 22393.354395866394,
  "var_167": 5395.434661865234,
  "var_168": 5419.734463691711,
  "var_169": 10779.83533525467,
  "var_170": 16308.510124206543,
  "var_171": 2829.1713633537292,
  "var_172": 12678.61643743515,
  "var_173": 8577.653269290924,
  "var_174": 22433.741527080536,
  "var_175": 4943.182094097137,
  "var_176": 4221.014071941376,
  "var_177": 10024.954570770264,
  "var_178": 6284.492468833923,
  "var_179": 12849.278492927551,
  "var_180": 11326.01219034195,
  "var_181": 2039.3094882965088,
  "var_182": 3942.279371738434,
  "var_183": 1479.2363891601562,
  "var_184": 15678.446096897125,
  "var_185": 1139.246132850647,
  "var_186": 8573.578291416168,
  "var_187": 3066.3330307006836,
  "var_188": 11918.54523730278,
  "var_189": 1597.368007659912,
  "var_190": 18871.9827709198,
  "var_191": 10881.026196479797,
  "var_192": 12408.479246139526,
  "var_193": 3799.2113485336304,
  "var_194": 7100.829302310944,
  "var_195": 7427.592852115631,
  "var_196": 7525.006999969482,
  "var_197": 10161.494986057281,
  "var_198": 17012.5391561985,
  "var_199": 10477.480751037598
}