{
  "var_0": 16297.510649204254,
  "var_1": 11897.641915798187,
  "var_2": 17617.05819940567,
  "var_3": 1495.804711341858,
  "var_4": 3430.437966823578,
  "var_5": 6748.751711845398,
  "var_6": 22565.585454940796,
  "var_7": 744.2753009796143,
  "var_8": 4520.661871433258,
  "var_9": 10025.193699359894,
  "var_10": 2260.1719012260437,
  "var_11": 3173.132917881012,
  "var_12": 26090.60760641098,
  "var_13": 12886.762766838074,
  "var_14": 2708.2671313285828,
  "var_15": 2446.66707611084,
  "var_16": 2637.54913520813,
  "var_17": 854.440279006958,
  "var_18": 13180.698028564453,
  "var_19": 1353.829173564911,
  "var_20": 6050.042356967926,
  "var_21": 14317.372381210327,
  "var_22": 20974.140561580658,
  "var_23": 3706.1892127990723,
  "var_24": 7669.765379905701,
  "var_25": 1507.9106259346008,
  "var_26": 21482.927134513855,
  "var_27": 1042.988130569458,
  "var_28": 6588.749443531036,
  "var_29": 1401.4347476959229,
  "var_30": 2139.600763320923,
  "var_31": 3621.7001123428345,
  "var_32": 9331.193092346191,
  "var_33": 11025.156193733215,
  "var_34": 16620.975061893463,
  "var_35": 6688.619030952454,
  "var_36": 10234.683443069458,
  "var_37": 1324.9944891929626,
  "var_38": 2212.0491709709167,
  "var_39": 900.0864224433899,
  "var_40": 16810.762366771698,
  "var_41": 995.1772117614746,
  "var_42": 2606.727343559265,
  "var_43": 4303.504490375519,
  "var_44": 15914.378883361816,
  "var_45": 2877.1464323997498,
  "var_46": 2407.7431745529175,
  "var_47": 877.6912026405334,
  "var_48": 7909.871356964111,
  "var_49": 5273.293180465698,
  "var_50": 4142.48415851593,
  "var_51": 4512.791652202606,
  "var_52": 7380.528485298157,
  "var_53": 18997.318613052368,
  "var_54": 3990.0486302375793,
  "var_55": 2308.9570875167847,
  "var_56": 10494.844282627106,
  "var_57": 1846.9184169769287,
  "var_58": 6213.970158338547,
  "var_59": 1334.6809339523315,
  "var_60": 3944.799705028534,
  "var_61": 1088.98490524292,
  "var_62": 4116.425995349884,
  "var_63": 2110.4098229408264,
  "var_64": 3387.82323884964,
  "var_65": 1215.6437311172485,
  "var_66": 5120.832812309265,
  "var_67": 7840.23916721344,
  "var_68": 3910.308012485504,
  "var_69": 1616.3145122528076,
  "var_70": 7396.22829246521,
  "var_71": 5235.792134284973,
  "var_72": 4076.833085536957,
  "var_73": 966.8943691253662,
  "var_74": 4701.675662994385,
  "var_75": 7832.8239159584045,
  "var_76": 20193.668827056885,
  "var_77": 2606.5840716362,
  "var_78": 17849.79815673828,
  "var_79": 1035.3037705421448,
  "var_80": 20737.93515396118,
  "var_81": 29410.85519361496,
  "var_82": 6527.550525188446,
  "var_83": 3334.4990553855896,
  "var_84": 2857.901818752289,
  "var_85": 4427.297507762909,
  "var_86": 11281.85865688324,
  "var_87": 6704.710166931152,
  "var_88": 5525.8131980896,
  "var_89": 7114.801175117493,
  "var_90": 7297.162894248962,
  "var_91": 8528.606954097748,
  "var_92": 15901.34120798111,
  "var_93": 6280.3895745277405,
  "var_94": 16315.878543376923,
  "var_95": 7231.613334655762,
  "var_96": 2133.3621110916138,
  "var_97": 2229.0055718421936,
  "var_98": 2607.712731361389,
  "var_99": 14810.807677268982,
  "var_100": 1968.4736533164978,
  "var_101": 1461.9357252120972,
  "var_102": 5146.823554992676,
  "var_103": 733.1592788696289,
  "var_104": 6476.423933506012,
  "var_105": 3634.8281288146973,
  "var_106": 8670.259017944336,
  "var_107": 7330.901295185089,
  "var_108": 15795.310848712921,
  "var_109": 13935.33783531189,
  "var_110": 23403.19732427597,
  "var_111": 4447.096530914307,
  "var_112": 7359.01286649704,
  "var_113": 1782.0291118621826,
  "var_114": 7152.0134353637695,
  "var_115": 9861.930616378784,
  "var_116": 6529.64844083786,
  "var_117": 876.9568719863892,
  "var_118": 11301.866230010986,
  "var_119": 6299.899619102478,
  "var_120": 2547.5751667022705,
  "var_121": 8436.183832645416,
  "var_122": 11825.97973537445,
  "var_123": 8672.04727935791,
  "var_124": 2118.316623210907,
  "var_125": 4908.148918628693,
  "var_126": 2534.132266998291,
  "var_127": 7712.9715847969055,
  "var_128": 8019.527272224426,
  "var_129": 1196.4475688934326,
  "var_130": 10023.298645019531,
  "var_131": 5859.251537799835,
  "var_132": 7080.354158878326,
  "var_133": 12721.83291721344,
  "var_134": 5331.716032981873,
  "var_135": 4312.801505565643,
  "var_136": 2334.203766822815,
  "var_137": 5366.264180660248,
  "var_138": 4815.675414085388,
  "var_139": 22301.37696647644,
  "var_140": 3684.122189760208,
  "var_141": 5664.468549728394,
  "var_142": 4911.195921897888,
  "var_143": 1428.2815470695496,
  "var_144": 5930.000837802887,
  "var_145": 5682.9878306388855,
  "var_146": 21903.924775123596,
  "var_147": 7483.682995796204,
  "var_148": 18189.732328653336,
  "var_149": 8591.896980285645,
  "var_150": 7854.93279504776,
  "var_151": 5028.106926441193,
  "var_152": 3801.2063755989075,
  "var_153": 1329.6376299858093,
  "var_154": 14753.944002628326,
  "var_155": 7343.873053073883,
  "var_156": 5969.333849906921,
  "var_157": 6136.588655471802,
  "var_158": 2115.82013463974,
  "var_159": 1880.7475509643555,
  "var_160": 2524.9749484062195,
  "var_161": 980.0718569755554,
  "var_162": 8818.725574016571,
  "var_163": 5903.153317928314,
  "var_164": 15800.9124417305,
  "var_165": 13301.748880386353,
  "var_166": 21632.99463558197,
  "var_167": 4713.336135864258,
  "var_168": 4570.201596260071,
  "var_169": 8996.26275587082,
  "var_170": 15890.566193580627,
  "var_171": 2625.0116152763367,
  "var_172": 10460.03179526329,
  "var_173": 8013.4901785850525,
  "var_174": 21556.825122356415,
  "var_175": 3706.1307072639465,
  "var_176": 3148.961284160614,
  "var_177": 9674.871949672699,
  "var_178": 5359.0086035728455,
  "var_179": 11925.800947189331,
  "var_180": 10256.857497215271,
  "var_181": 1627.4061284065247,
  "var_182": 2769.5780386924744,
  "var_183": 1116.049786567688,
  "var_184": 14084.191637039185,
  "var_185": 962.8593559265137,
  "var_186": 8098.706896305084,
  "var_187": 2375.93701839447,
  "var_188": 11472.81434059143,
  "var_189": 1052.8858013153076,
  "var_190": 17734.372950553894,
  "var_191": 10502.729905128479,
  "var_192": 10619.211499214172,
  "var_193": 2920.1691403388977,
  "var_194": 5957.952808380127,
  "var_195": 6345.373846054077,
  "var_196": 6186.824487686157,
  "var_197": 9307.074171543121,
  "var_198": 15946.17224740982,
  "var_199": 8232.259991168976
}