{
  "var_0": 15938.307218551636,
  "var_1": 11783.780732154846,
  "var_2": 17132.787499904633,
  "var_3": 1221.1332812309265,
  "var_4": 2624.3905353546143,
  "var_5": 5978.633935451508,
  "var_6": 21505.71680021286,
  "var_7": 537.5171895027161,
  "var_8": 4528.8287925720215,
  "var_9": 9230.84231376648,
  "var_10": 1354.4099402427673,
  "var_11": 2609.4834055900574,
  "var_12": 26000.142422676086,
  "var_13": 12255.142985343933,
  "var_14": 2255.345205307007,
  "var_15": 2127.0183210372925,
  "var_16": 2007.8223028182983,
  "var_17": 383.74623918533325,
  "var_18": 12163.105822563171,
  "var_19": 1320.6380496025085,
  "var_20": 5702.327585697174,
  "var_21": 13088.993903160095,
  "var_22": 20081.855682849884,
  "var_23": 3054.3075885772705,
  "var_24": 6937.007840633392,
  "var_25": 1320.1465315818787,
  "var_26": 21184.111548423767,
  "var_27": 672.2314686775208,
  "var_28": 5753.156292915344,
  "var_29": 836.5436391830444,
  "var_30": 1267.970022201538,
  "var_31": 3200.0501856803894,
  "var_32": 7722.83522605896,
  "var_33": 9955.77297782898,
  "var_34": 16260.634735584259,
  "var_35": 5763.3053250312805,
  "var_36": 9160.484489440918,
  "var_37": 967.8962697982788,
  "var_38": 1638.3523087501526,
  "var_39": 890.3801093101501,
  "var_40": 15147.110398769379,
  "var_41": 710.1995801925659,
  "var_42": 2372.502377986908,
  "var_43": 4044.6194109916687,
  "var_44": 14973.714919090271,
  "var_45": 2299.736668109894,
  "var_46": 1815.1419396400452,
  "var_47": 707.3556933403015,
  "var_48": 7655.924644947052,
  "var_49": 5313.973092556,
  "var_50": 3290.357081413269,
  "var_51": 4350.369838237762,
  "var_52": 6879.691480636597,
  "var_53": 17606.106983184814,
  "var_54": 3493.272430419922,
  "var_55": 2050.111563682556,
  "var_56": 9784.514705181122,
  "var_57": 1659.009199142456,
  "var_58": 5892.74258852005,
  "var_59": 1093.3740735054016,
  "var_60": 3157.6118721961975,
  "var_61": 728.8407826423645,
  "var_62": 3363.0094151496887,
  "var_63": 1412.8355622291565,
  "var_64": 2602.579605579376,
  "var_65": 799.1240491867065,
  "var_66": 4748.249204158783,
  "var_67": 7257.588037967682,
  "var_68": 3334.8613171577454,
  "var_69": 1436.6981325149536,
  "var_70": 6881.143084049225,
  "var_71": 4689.95397901535,
  "var_72": 3284.9812574386597,
  "var_73": 838.892128944397,
  "var_74": 3701.41401386261,
  "var_75": 7794.701069355011,
  "var_76": 19333.65584230423,
  "var_77": 2599.310788154602,
  "var_78": 17243.326297283173,
  "var_79": 853.3670973777771,
  "var_80": 20127.195089817047,
  "var_81": 28098.721967697144,
  "var_82": 5415.87047290802,
  "var_83": 2826.637505531311,
  "var_84": 2439.8580293655396,
  "var_85": 3555.799645423889,
  "var_86": 10569.379316329956,
  "var_87": 6521.666498661041,
  "var_88": 4821.306124210358,
  "var_89": 6585.166884899139,
  "var_90": 6585.63254404068,
  "var_91": 7617.6270480155945,
  "var_92": 14311.568664073944,
  "var_93": 6092.059499740601,
  "var_94": 14991.993065834045,
  "var_95": 6757.165447711945,
  "var_96": 1619.2296571731567,
  "var_97": 1635.5547318458557,
  "var_98": 1801.0434036254883,
  "var_99": 14260.150075435638,
  "var_100": 1823.1011667251587,
  "var_101": 1018.0722885131836,
  "var_102": 4340.796433925629,
  "var_103": 603.0592789649963,
  "var_104": 6173.143998146057,
  "var_105": 2914.9812812805176,
  "var_106": 8286.158544063568,
  "var_107": 6720.708904266357,
  "var_108": 15556.465960025787,
  "var_109": 14104.649318218231,
  "var_110": 22793.588979244232,
  "var_111": 3809.4650106430054,
  "var_112": 6449.618049621582,
  "var_113": 1545.256377696991,
  "var_114": 6648.953209877014,
  "var_115": 9609.36669588089,
  "var_116": 5431.637475013733,
  "var_117": 574.7223873138428,
  "var_118": 10030.97907590866,
  "var_119": 5723.6545515060425,
  "var_120": 2807.3099312782288,
  "var_121": 8139.7058029174805,
  "var_122": 11972.60882282257,
  "var_123": 8178.4193568229675,
  "var_124": 1794.1889791488647,
  "var_125": 4561.636060714722,
  "var_126": 1940.6922464370728,
  "var_127": 7523.865459442139,
  "var_128": 7137.515472412109,
  "var_129": 953.3292589187622,
  "var_130": 9129.796172618866,
  "var_131": 5160.757267475128,
  "var_132": 6333.406240463257,
  "var_133": 11989.442203044891,
  "var_134": 4626.044761657715,
  "var_135": 3935.7622232437134,
  "var_136": 1750.0427479743958,
  "var_137": 4530.750766277313,
  "var_138": 3995.9460258483887,
  "var_139": 21317.832498073578,
  "var_140": 3049.146421432495,
  "var_141": 6090.49471950531,
  "var_142": 4167.515861988068,
  "var_143": 1323.1328706741333,
  "var_144": 5210.107277393341,
  "var_145": 5367.860954761505,
  "var_146": 20635.065960884094,
  "var_147": 6844.931966781616,
  "var_148": 16547.540207862854,
  "var_149": 8609.535532474518,
  "var_150": 7458.37801027298,
  "var_151": 4283.027507305145,
  "var_152": 3232.2385201454163,
  "var_153": 902.3903384208679,
  "var_154": 14326.182423114777,
  "var_155": 6705.78472328186,
  "var_156": 4587.902941226959,
  "var_157": 5615.7693910598755,
  "var_158": 1422.1200799942017,
  "var_159": 1781.9703860282898,
  "var_160": 2037.6961121559143,
  "var_161": 674.5732975006104,
  "var_162": 8455.931108951569,
  "var_163": 5332.948871612549,
  "var_164": 14340.71952342987,
  "var_165": 12360.705826759338,
  "var_166": 19168.19126701355,
  "var_167": 4480.432340621948,
  "var_168": 3705.426299571991,
  "var_169": 9001.62563753128,
  "var_170": 14656.46891450882,
  "var_171": 1592.4614419937134,
  "var_172": 9947.266983509064,
  "var_173": 8134.06139421463,
  "var_174": 20805.02459669113,
  "var_175": 3306.695101737976,
  "var_176": 2241.0017008781433,
  "var_177": 9887.049935340881,
  "var_178": 4573.651846408844,
  "var_179": 11325.04226398468,
  "var_180": 9355.512705802917,
  "var_181": 1296.3380899429321,
  "var_182": 1948.1058473587036,
  "var_183": 667.5810875892639,
  "var_184": 13643.847113132477,
  "var_185": 405.96575832366943,
  "var_186": 6677.03308391571,
  "var_187": 2138.0595903396606,
  "var_188": 10649.551692008972,
  "var_189": 1211.0384411811829,
  "var_190": 16225.005166053772,
  "var_191": 10181.33533859253,
  "var_192": 9841.519501686096,
  "var_193": 2402.031936645508,
  "var_194": 5565.659045219421,
  "var_195": 6591.679267406464,
  "var_196": 5824.89878988266,
  "var_197": 8007.288410186768,
  "var_198": 15328.366401195526,
  "var_199": 7073.8314089775085
}